7321,Denis,Pickard,56,History
8945,Jennifer,Lynn,81,Information Technology
2763,Enoch,Blackburn,46,Information Technology
5187,Christine,Hewitt,13,Music
9024,Noemi,Hudson,98,Mathematics
6538,Savannah,Porter,26,Information Technology
4719,Amelia,Stevens,74,Information Technology
3602,William,Morgan,18,Computer Science
1456,Julius,Bishop,92,Journalism
7890,Aurelia,Garcia,95,Instrumental Music
5234,Joseph,Snow,32,Spanish
9761,Sloane,Vince,79,Sociology
8305,Marigold,Reid,48,Computer Science
6472,Anne,Patel,68,Information Technology
4158,Michael,Richards,58,Sociology
2693,Mackenzie,Gavin,46,Information Technology
7087,Carl,Fleming,57,Biology
5924,Anthony,Anderson,109,Mathematics
3861,Roger,Shea,27,Communication
1705,Sasha,Mills,99,Communication
9532,Benny,Overson,12,Communication
8176,Gabriel,Ryan,62,Spanish
6043,Natalie,Lindsay,76,Computer Science
4987,Anthony,Penn,90,Communication
2854,Shannon,Palmer,40,Music
7791,Leilani,Little,114,Computer Science
5625,Owen,Rogers,21,Instrumental Music
3578,Rosalyn,Abbey,46,Mathematics
1246,Ramon,Plumb,63,Biology
9483,Julian,Matthews,84,Sociology
8057,Anabel,Lucas,53,Language Arts
6914,Matthew,Varley,95,Mathematics
4872,Cameron,Whatson,84,Communication
2736,Javier,Rodgers,87,Mathematics
7659,Elle,Vincent,19,Biology
5501,Ryan,Swift,71,Computer Science
3428,Rick,Ellwood,92,Mathematics
1375,Logan,Cavanagh,95,Computer Science
9263,Emery,Darcy,68,Communication
8107,Deborah,Squire,80,Biology
6094,Chelsea,Russell,87,Music
4952,Hailey,Ross,43,Journalism
2816,Nate,Casey,64,Information Technology
7739,Anthony,Rodgers,112,Geography
5685,Adelaide,Gordon,66,Mathematics
3548,Tyler,Rees,108,Instrumental Music
1206,Liam,Lowe,40,Journalism
9473,George,Wright,118,Biology
8027,Naomi,Williams,86,Journalism
6964,Marina,Fleming,47,Journalism